-- phpMyAdmin SQL Dump
-- version 5.2.1
-- https://www.phpmyadmin.net/
--
-- Host: 127.0.0.1
-- Generation Time: May 22, 2025 at 12:25 AM
-- Server version: 10.4.32-MariaDB
-- PHP Version: 8.0.30

SET SQL_MODE = "NO_AUTO_VALUE_ON_ZERO";
START TRANSACTION;
SET time_zone = "+00:00";


/*!40101 SET @OLD_CHARACTER_SET_CLIENT=@@CHARACTER_SET_CLIENT */;
/*!40101 SET @OLD_CHARACTER_SET_RESULTS=@@CHARACTER_SET_RESULTS */;
/*!40101 SET @OLD_COLLATION_CONNECTION=@@COLLATION_CONNECTION */;
/*!40101 SET NAMES utf8mb4 */;

--
-- Database: `revolt-game`
--

-- --------------------------------------------------------

--
-- Table structure for table `admin`
--

CREATE TABLE `admin` (
  `admin_id` int(11) NOT NULL,
  `username` varchar(50) NOT NULL,
  `password` varchar(255) NOT NULL,
  `created_at` timestamp NOT NULL DEFAULT current_timestamp()
) ENGINE=InnoDB DEFAULT CHARSET=utf8mb4 COLLATE=utf8mb4_general_ci;

--
-- Dumping data for table `admin`
--

INSERT INTO `admin` (`admin_id`, `username`, `password`, `created_at`) VALUES
(1, 'admin', '$2y$10$fRTeunNHl3U3y6Dg/0P0VO6C36DqVYjCCvRuQyvNlOi.qNY0Kfit2', '2025-05-18 06:22:24');

-- --------------------------------------------------------

--
-- Table structure for table `playstations`
--

CREATE TABLE `playstations` (
  `ps_id` int(11) NOT NULL,
  `tipe_ps` varchar(50) NOT NULL,
  `nama` varchar(100) NOT NULL,
  `deskripsi` text NOT NULL,
  `harga_sewa_per_hari` decimal(10,2) NOT NULL,
  `status_ketersediaan` enum('tersedia','tidak tersedia','','') NOT NULL DEFAULT 'tersedia',
  `gambar` varchar(255) NOT NULL,
  `created_at` timestamp NOT NULL DEFAULT current_timestamp() ON UPDATE current_timestamp(),
  `updated_at` timestamp NOT NULL DEFAULT current_timestamp() ON UPDATE current_timestamp(),
  `stok` int(11) NOT NULL
) ENGINE=InnoDB DEFAULT CHARSET=utf8mb4 COLLATE=utf8mb4_general_ci;

--
-- Dumping data for table `playstations`
--

INSERT INTO `playstations` (`ps_id`, `tipe_ps`, `nama`, `deskripsi`, `harga_sewa_per_hari`, `status_ketersediaan`, `gambar`, `created_at`, `updated_at`, `stok`) VALUES
(1, 'ps2', 'PlayStation 2 only', '', 60000.00, 'tersedia', 'ps2.jpg', '2025-05-21 16:17:12', '2025-05-21 16:17:12', 0),
(2, 'ps2', 'PlayStation 2 + Televisi', '', 100000.00, 'tersedia', 'ps2.jpg', '2025-05-21 15:47:50', '2025-05-21 15:47:50', 2),
(3, 'ps3', 'PlayStation 3 only', '', 60000.00, 'tersedia', 'ps3.jpg', '2025-05-21 19:54:41', '2025-05-21 19:54:41', 0),
(4, 'ps3', 'PlayStation 3 + Televisi', '', 200000.00, 'tersedia', 'ps3.jpg', '2025-05-19 23:09:32', '2025-05-19 23:09:32', 4),
(5, 'ps4', 'PlayStation 4 only', '', 150000.00, 'tersedia', 'ps4.jpg', '2025-05-21 18:22:36', '2025-05-21 18:22:36', 1),
(6, 'ps4', 'PlayStation 4 + Televisi', '', 250000.00, 'tersedia', 'ps4.jpg', '2025-05-21 16:14:52', '2025-05-21 16:14:52', 0);

-- --------------------------------------------------------

--
-- Table structure for table `rentals`
--

CREATE TABLE `rentals` (
  `rental_id` int(11) NOT NULL,
  `user_id` int(11) NOT NULL,
  `ps_id` int(11) NOT NULL,
  `tanggal_mulai` date NOT NULL,
  `durasi_sewa` int(11) NOT NULL,
  `tanggal_selesai` date NOT NULL,
  `total_biaya` decimal(10,2) NOT NULL,
  `status_pembayaran` enum('pending','Sukses','gagal','') NOT NULL,
  `status_penyewaan` enum('menunggu konfirmasi','diproses','disewakan','selesai','dibatalkan') NOT NULL,
  `metode_pembayaran` varchar(50) NOT NULL,
  `nama_kontak` varchar(100) NOT NULL,
  `nomor_kontak` varchar(20) NOT NULL,
  `tanggal_pemesanan` timestamp NOT NULL DEFAULT current_timestamp(),
  `created_at` timestamp NOT NULL DEFAULT current_timestamp() ON UPDATE current_timestamp(),
  `updated_at` timestamp NOT NULL DEFAULT current_timestamp() ON UPDATE current_timestamp()
) ENGINE=InnoDB DEFAULT CHARSET=utf8mb4 COLLATE=utf8mb4_general_ci;

--
-- Dumping data for table `rentals`
--

INSERT INTO `rentals` (`rental_id`, `user_id`, `ps_id`, `tanggal_mulai`, `durasi_sewa`, `tanggal_selesai`, `total_biaya`, `status_pembayaran`, `status_penyewaan`, `metode_pembayaran`, `nama_kontak`, `nomor_kontak`, `tanggal_pemesanan`, `created_at`, `updated_at`) VALUES
(3, 2, 3, '2025-05-05', 5, '2025-05-10', 125000.00, 'pending', 'selesai', '', '', '', '2025-05-17 18:42:06', '2025-05-17 18:42:06', '2025-05-17 18:42:06'),
(4, 1, 3, '2025-05-20', 4, '2025-05-24', 100000.00, 'pending', 'dibatalkan', '', '', '', '2025-05-17 18:42:06', '2025-05-19 22:51:13', '2025-05-19 22:51:13'),
(6, 1, 1, '2025-05-17', 1, '2025-05-18', 60000.00, 'pending', 'disewakan', '', 'maxiyzz', '085157150404', '2025-05-17 20:48:56', '2025-05-19 22:52:10', '2025-05-19 22:52:10'),
(10, 4, 1, '2025-05-17', 3, '2025-05-20', 180000.00, 'pending', 'selesai', '', 'ardi', '0821117478433', '2025-05-17 21:04:01', '2025-05-19 23:06:55', '2025-05-19 23:06:55'),
(12, 4, 1, '2025-05-17', 2, '2025-05-19', 120000.00, 'pending', 'disewakan', '', 'ardi', '0821117478433', '2025-05-17 21:30:54', '2025-05-19 23:07:01', '2025-05-19 23:07:01'),
(13, 4, 1, '2025-05-17', 3, '2025-05-20', 180000.00, 'pending', 'selesai', '', 'ardi', '0821117478433', '2025-05-17 21:32:02', '2025-05-19 23:07:37', '2025-05-19 23:07:37'),
(14, 4, 1, '2025-05-17', 1, '2025-05-18', 60000.00, 'pending', 'disewakan', '', 'samsul', '085157150404', '2025-05-17 21:40:23', '2025-05-19 23:07:02', '2025-05-19 23:07:02'),
(15, 4, 3, '2025-05-17', 1, '2025-05-18', 60000.00, 'Sukses', 'disewakan', '', 'samsul', '085157150404', '2025-05-17 21:40:31', '2025-05-21 18:38:51', '2025-05-21 18:38:51'),
(16, 4, 1, '2025-05-17', 1, '2025-05-18', 60000.00, 'pending', 'disewakan', '', 'maxiyzz', '085157150404', '2025-05-17 21:43:40', '2025-05-19 23:07:02', '2025-05-19 23:07:02'),
(17, 4, 6, '2025-05-17', 1, '2025-05-18', 250000.00, 'pending', 'disewakan', '', 'maxiyzz', '085157150404', '2025-05-17 21:44:07', '2025-05-19 23:07:03', '2025-05-19 23:07:03'),
(19, 5, 3, '2025-05-18', 2, '2025-05-20', 120000.00, 'pending', 'selesai', '', 'fadil', '0821117478433', '2025-05-18 13:20:06', '2025-05-19 23:07:39', '2025-05-19 23:07:39'),
(21, 3, 2, '2025-05-18', 1, '2025-05-19', 100000.00, 'pending', 'disewakan', '', 'user', '089765432123', '2025-05-18 13:28:00', '2025-05-19 23:07:04', '2025-05-19 23:07:04'),
(22, 3, 2, '2025-05-18', 3, '2025-05-21', 300000.00, 'pending', 'selesai', '', 'user', '089765432123', '2025-05-18 13:28:12', '2025-05-21 15:45:42', '2025-05-21 15:45:42'),
(23, 3, 1, '2025-05-18', 3, '2025-05-21', 180000.00, 'pending', 'selesai', '', 'user', '089765432123', '2025-05-18 13:33:36', '2025-05-21 15:46:50', '2025-05-21 15:46:50'),
(24, 3, 1, '2025-05-18', 3, '2025-05-21', 180000.00, 'pending', 'selesai', '', 'user', '089765432123', '2025-05-18 13:33:47', '2025-05-21 15:46:53', '2025-05-21 15:46:53'),
(25, 3, 1, '2025-05-18', 3, '2025-05-21', 180000.00, 'pending', 'selesai', '', 'user', '089765432123', '2025-05-18 13:36:42', '2025-05-21 15:46:55', '2025-05-21 15:46:55'),
(26, 3, 2, '2025-05-18', 3, '2025-05-21', 300000.00, 'pending', 'selesai', '', 'maxiyzz', '085157150404', '2025-05-18 13:41:00', '2025-05-21 15:46:56', '2025-05-21 15:46:56'),
(27, 3, 1, '2025-05-18', 3, '2025-05-21', 180000.00, 'pending', 'selesai', '', 'maxiyzz', '085157150404', '2025-05-18 13:44:10', '2025-05-21 15:46:57', '2025-05-21 15:46:57'),
(28, 3, 3, '2025-05-18', 2, '2025-05-20', 120000.00, 'pending', 'selesai', '', 'user', '089765432123', '2025-05-18 13:50:03', '2025-05-19 23:07:42', '2025-05-19 23:07:42'),
(29, 3, 6, '2025-05-18', 1, '2025-05-19', 250000.00, 'pending', 'disewakan', '', 'fadil', '0821117478433', '2025-05-18 14:00:34', '2025-05-19 23:07:07', '2025-05-19 23:07:07'),
(30, 3, 2, '2025-05-18', 1, '2025-05-19', 100000.00, 'pending', 'disewakan', '', 'maxiyzz', '085157150404', '2025-05-18 14:03:31', '2025-05-19 23:07:07', '2025-05-19 23:07:07'),
(31, 3, 2, '2025-05-18', 1, '2025-05-19', 100000.00, 'pending', 'disewakan', '', 'maxiyzz', '085157150404', '2025-05-18 14:04:25', '2025-05-19 23:07:08', '2025-05-19 23:07:08'),
(32, 3, 3, '2025-05-18', 2, '2025-05-20', 120000.00, 'pending', 'selesai', '', 'user', '0821117478433', '2025-05-18 14:10:57', '2025-05-19 23:07:41', '2025-05-19 23:07:41'),
(33, 5, 2, '2025-05-18', 3, '2025-05-21', 300000.00, 'pending', 'selesai', '', 'fadil', '089765432123', '2025-05-18 14:12:25', '2025-05-21 15:46:58', '2025-05-21 15:46:58'),
(34, 5, 4, '2025-05-18', 1, '2025-05-19', 200000.00, 'pending', 'disewakan', '', 'fadil', '0821117478433', '2025-05-18 14:14:11', '2025-05-19 23:07:09', '2025-05-19 23:07:09'),
(35, 1, 1, '2025-05-19', 1, '2025-05-20', 60000.00, 'pending', 'selesai', '', 'maxiyzz', '085157150404', '2025-05-19 16:35:29', '2025-05-19 23:08:43', '2025-05-19 23:08:43'),
(36, 1, 1, '2025-05-19', 1, '2025-05-20', 60000.00, 'pending', 'selesai', '', 'maxiyzz', '085157150404', '2025-05-19 16:56:07', '2025-05-19 23:08:59', '2025-05-19 23:08:59'),
(37, 1, 1, '2025-05-19', 1, '2025-05-20', 60000.00, 'pending', 'selesai', '', 'maxiyzz', '085157150404', '2025-05-19 16:58:34', '2025-05-19 23:09:02', '2025-05-19 23:09:02'),
(38, 1, 1, '2025-05-19', 1, '2025-05-20', 60000.00, 'pending', 'selesai', '', 'maxiyzz', '085157150404', '2025-05-19 16:59:54', '2025-05-19 23:08:58', '2025-05-19 23:08:58'),
(39, 1, 1, '2025-05-19', 1, '2025-05-20', 60000.00, 'pending', 'selesai', '', 'maxiyzz', '085157150404', '2025-05-19 17:01:45', '2025-05-19 23:08:39', '2025-05-19 23:08:39'),
(40, 1, 2, '2025-05-19', 1, '2025-05-20', 100000.00, 'pending', 'selesai', '', 'maxiyzz', '085157150404', '2025-05-19 17:03:46', '2025-05-19 23:08:57', '2025-05-19 23:08:57'),
(41, 1, 1, '2025-05-19', 1, '2025-05-20', 60000.00, 'pending', 'selesai', '', 'maxiyzz', '085157150404', '2025-05-19 17:07:34', '2025-05-19 23:08:56', '2025-05-19 23:08:56'),
(42, 1, 4, '2025-05-19', 1, '2025-05-20', 200000.00, 'pending', 'selesai', '', 'maxiyzz', '085157150404', '2025-05-19 17:07:51', '2025-05-19 23:08:55', '2025-05-19 23:08:55'),
(43, 1, 1, '2025-05-19', 1, '2025-05-20', 60000.00, 'pending', 'selesai', '', 'maxiyzz', '085157150404', '2025-05-19 17:42:53', '2025-05-19 23:08:54', '2025-05-19 23:08:54'),
(44, 1, 1, '2025-05-19', 1, '2025-05-20', 60000.00, 'pending', 'selesai', '', 'maxiyzz', '085157150404', '2025-05-19 17:43:04', '2025-05-19 23:08:38', '2025-05-19 23:08:38'),
(45, 1, 1, '2025-05-19', 1, '2025-05-20', 60000.00, 'pending', 'selesai', '', 'maxiyzz', '085157150404', '2025-05-19 17:49:22', '2025-05-19 23:08:20', '2025-05-19 23:08:20'),
(46, 1, 1, '2025-05-19', 1, '2025-05-20', 60000.00, 'pending', 'selesai', '', 'maxiyzz', '085157150404', '2025-05-19 17:49:40', '2025-05-19 23:08:16', '2025-05-19 23:08:16'),
(47, 1, 1, '2025-05-19', 1, '2025-05-20', 60000.00, 'pending', 'selesai', '', 'maxiyzz', '085157150404', '2025-05-19 17:56:27', '2025-05-19 23:08:14', '2025-05-19 23:08:14'),
(48, 1, 1, '2025-05-19', 1, '2025-05-20', 60000.00, 'pending', 'selesai', '', 'maxiyzz', '0821117478433', '2025-05-19 18:02:52', '2025-05-19 23:08:18', '2025-05-19 23:08:18'),
(49, 1, 1, '2025-05-19', 1, '2025-05-20', 60000.00, 'pending', 'selesai', '', 'maxiyzz', '0821117478433', '2025-05-19 18:20:22', '2025-05-19 23:07:58', '2025-05-19 23:07:58'),
(50, 1, 1, '2025-05-19', 1, '2025-05-20', 60000.00, 'pending', 'selesai', '', 'maxiyzz', '0821117478433', '2025-05-19 18:30:04', '2025-05-19 23:07:54', '2025-05-19 23:07:54'),
(51, 1, 1, '2025-05-19', 1, '2025-05-20', 60000.00, 'pending', 'selesai', '', 'maxiyzz', '0821117478433', '2025-05-19 18:54:04', '2025-05-19 23:07:56', '2025-05-19 23:07:56'),
(52, 1, 1, '2025-05-19', 1, '2025-05-20', 60000.00, 'pending', 'selesai', '', 'maxiyzz', '0821117478433', '2025-05-19 18:54:44', '2025-05-19 23:08:52', '2025-05-19 23:08:52'),
(53, 1, 1, '2025-05-19', 1, '2025-05-20', 60000.00, 'pending', 'selesai', '', 'maxiyzz', '085157150404', '2025-05-19 18:55:20', '2025-05-19 23:07:53', '2025-05-19 23:07:53'),
(54, 1, 1, '2025-05-19', 1, '2025-05-20', 60000.00, 'pending', 'selesai', '', 'maxiyzz', '085157150404', '2025-05-19 18:55:54', '2025-05-19 23:08:50', '2025-05-19 23:08:50'),
(55, 1, 1, '2025-05-19', 1, '2025-05-20', 60000.00, 'pending', 'selesai', '', 'maxiyzz', '085157150404', '2025-05-19 18:58:03', '2025-05-19 23:08:49', '2025-05-19 23:08:49'),
(56, 1, 1, '2025-05-19', 1, '2025-05-20', 60000.00, 'pending', 'selesai', '', 'maxiyzz', '085157150404', '2025-05-19 19:12:27', '2025-05-19 23:07:52', '2025-05-19 23:07:52'),
(57, 1, 1, '2025-05-19', 1, '2025-05-20', 60000.00, 'pending', 'selesai', '', 'maxiyzz', '085157150404', '2025-05-19 19:28:39', '2025-05-19 23:07:47', '2025-05-19 23:07:47'),
(58, 1, 1, '2025-05-19', 1, '2025-05-20', 60000.00, 'pending', 'selesai', '', 'maxiyzz', '085157150404', '2025-05-19 19:44:40', '2025-05-19 23:08:47', '2025-05-19 23:08:47'),
(59, 1, 1, '2025-05-19', 1, '2025-05-20', 60000.00, 'pending', 'selesai', '', 'maxiyzz', '085157150404', '2025-05-19 19:55:17', '2025-05-19 23:07:43', '2025-05-19 23:07:43'),
(60, 1, 1, '2025-05-19', 1, '2025-05-20', 60000.00, 'pending', 'selesai', '', 'maxiyzz', '085157150404', '2025-05-19 20:05:11', '2025-05-19 23:08:46', '2025-05-19 23:08:46'),
(61, 1, 1, '2025-05-19', 1, '2025-05-20', 60000.00, 'pending', 'selesai', '', 'maxiyzz', '085157150404', '2025-05-19 20:07:17', '2025-05-19 23:08:44', '2025-05-19 23:08:44'),
(62, 1, 1, '2025-05-19', 1, '2025-05-20', 60000.00, 'pending', 'selesai', '', 'maxiyzz', '085157150404', '2025-05-19 20:10:04', '2025-05-19 23:08:42', '2025-05-19 23:08:42'),
(63, 1, 1, '2025-05-19', 1, '2025-05-20', 60000.00, 'pending', 'selesai', '', 'maxiyzz', '085157150404', '2025-05-19 20:10:42', '2025-05-19 23:08:25', '2025-05-19 23:08:25'),
(64, 1, 1, '2025-05-19', 1, '2025-05-20', 60000.00, 'pending', 'selesai', '', 'maxiyzz', '085157150404', '2025-05-19 20:11:08', '2025-05-19 23:08:11', '2025-05-19 23:08:11'),
(65, 1, 1, '2025-05-19', 1, '2025-05-20', 60000.00, 'pending', 'selesai', '', 'maxiyzz', '085157150404', '2025-05-19 20:16:00', '2025-05-19 23:08:09', '2025-05-19 23:08:09'),
(66, 1, 1, '2025-05-19', 1, '2025-05-20', 60000.00, 'pending', 'selesai', '', 'maxiyzz', '085157150404', '2025-05-19 20:16:15', '2025-05-19 23:08:06', '2025-05-19 23:08:06'),
(67, 1, 1, '2025-05-19', 1, '2025-05-20', 60000.00, 'pending', 'selesai', '', 'maxiyzz', '085157150404', '2025-05-19 20:16:30', '2025-05-19 23:08:04', '2025-05-19 23:08:04'),
(68, 1, 1, '2025-05-19', 1, '2025-05-20', 60000.00, 'pending', 'selesai', '', 'maxiyzz', '089765432123', '2025-05-19 20:16:39', '2025-05-19 23:07:50', '2025-05-19 23:07:50'),
(69, 1, 5, '2025-05-20', 1, '2025-05-21', 150000.00, 'pending', 'selesai', '', 'maxiyzz', '085157150404', '2025-05-19 23:12:34', '2025-05-21 15:47:00', '2025-05-21 15:47:00'),
(70, 1, 4, '2025-05-20', 1, '2025-05-21', 200000.00, 'pending', 'dibatalkan', '', 'maxiyzz', '085157150404', '2025-05-19 23:18:07', '2025-05-20 00:57:02', '2025-05-20 00:57:02'),
(71, 1, 1, '2025-05-20', 1, '2025-05-21', 60000.00, 'pending', 'dibatalkan', '', 'maxiyzz', '085157150404', '2025-05-19 23:38:43', '2025-05-20 00:57:03', '2025-05-20 00:57:03'),
(72, 1, 1, '2025-05-20', 1, '2025-05-21', 60000.00, 'pending', 'dibatalkan', '', 'maxiyzz', '085157150404', '2025-05-19 23:39:56', '2025-05-20 00:57:04', '2025-05-20 00:57:04'),
(73, 1, 1, '2025-05-20', 1, '2025-05-21', 60000.00, 'pending', 'dibatalkan', '', 'maxiyzz', '085157150404', '2025-05-19 23:40:30', '2025-05-20 00:57:04', '2025-05-20 00:57:04'),
(74, 1, 1, '2025-05-20', 1, '2025-05-21', 60000.00, 'pending', 'dibatalkan', '', 'maxiyzz', '085157150404', '2025-05-19 23:42:52', '2025-05-20 00:57:05', '2025-05-20 00:57:05'),
(75, 1, 4, '2025-05-20', 1, '2025-05-21', 200000.00, 'pending', 'dibatalkan', '', 'maxiyzz', '085157150404', '2025-05-19 23:43:01', '2025-05-20 00:57:05', '2025-05-20 00:57:05'),
(76, 1, 1, '2025-05-20', 1, '2025-05-21', 60000.00, 'pending', 'dibatalkan', '', 'maxiyzz', '085157150404', '2025-05-20 00:04:36', '2025-05-20 00:57:05', '2025-05-20 00:57:05'),
(77, 1, 1, '2025-05-20', 1, '2025-05-21', 60000.00, 'pending', 'dibatalkan', '', 'maxiyzz', '085157150404', '2025-05-20 00:10:23', '2025-05-20 00:57:06', '2025-05-20 00:57:06'),
(78, 1, 6, '2025-05-20', 1, '2025-05-21', 250000.00, 'pending', 'dibatalkan', '', 'maxiyzz', '085157150404', '2025-05-20 00:11:09', '2025-05-20 00:57:06', '2025-05-20 00:57:06'),
(79, 1, 6, '2025-05-20', 1, '2025-05-21', 250000.00, 'pending', 'dibatalkan', '', 'maxiyzz', '085157150404', '2025-05-20 00:17:23', '2025-05-20 00:57:06', '2025-05-20 00:57:06'),
(80, 1, 6, '2025-05-20', 1, '2025-05-21', 250000.00, 'pending', 'dibatalkan', '', 'maxiyzz', '085157150404', '2025-05-20 00:17:34', '2025-05-20 00:57:07', '2025-05-20 00:57:07'),
(81, 1, 4, '2025-05-20', 1, '2025-05-21', 200000.00, 'pending', 'dibatalkan', '', 'samsul', '085157150404', '2025-05-20 00:23:11', '2025-05-20 00:57:07', '2025-05-20 00:57:07'),
(82, 1, 4, '2025-05-20', 1, '2025-05-21', 200000.00, 'pending', 'dibatalkan', '', 'samsul', '085157150404', '2025-05-20 00:24:39', '2025-05-20 00:57:07', '2025-05-20 00:57:07'),
(83, 1, 5, '2025-05-20', 1, '2025-05-21', 150000.00, 'pending', 'dibatalkan', '', 'samsul', '085157150404', '2025-05-20 00:24:45', '2025-05-20 00:57:08', '2025-05-20 00:57:08'),
(84, 1, 5, '2025-05-20', 1, '2025-05-21', 150000.00, 'pending', 'dibatalkan', '', 'samsul', '085157150404', '2025-05-20 00:24:47', '2025-05-20 00:57:08', '2025-05-20 00:57:08'),
(85, 1, 1, '2025-05-20', 1, '2025-05-21', 60000.00, 'pending', 'dibatalkan', '', 'fadil', '085157150404', '2025-05-20 00:52:16', '2025-05-20 00:57:08', '2025-05-20 00:57:08'),
(87, 1, 1, '2025-05-20', 1, '2025-05-21', 60000.00, 'pending', 'selesai', '', 'maxiyzz', '085157150404', '2025-05-20 21:25:02', '2025-05-21 15:46:59', '2025-05-21 15:46:59'),
(88, 1, 6, '2025-05-21', 1, '2025-05-22', 250000.00, 'pending', 'disewakan', '', 'maxiyzz', '085157150404', '2025-05-21 15:48:57', '2025-05-21 16:14:52', '2025-05-21 16:14:52'),
(89, 1, 1, '2025-05-21', 1, '2025-05-22', 60000.00, 'pending', 'disewakan', '', 'maxiyzz', '085157150404', '2025-05-21 15:49:03', '2025-05-21 16:14:55', '2025-05-21 16:14:55'),
(90, 1, 1, '2025-05-21', 1, '2025-05-22', 60000.00, 'pending', 'disewakan', '', 'maxiyzz', '0821117478433', '2025-05-21 15:49:28', '2025-05-21 16:17:12', '2025-05-21 16:17:12'),
(91, 1, 1, '2025-05-21', 1, '2025-05-22', 60000.00, 'pending', 'disewakan', '', 'maxiyzz', '0821117478433', '2025-05-21 15:49:48', '2025-05-21 18:33:20', '2025-05-21 18:33:20'),
(92, 1, 1, '2025-05-21', 1, '2025-05-22', 60000.00, 'pending', 'disewakan', '', 'maxiyzz', '0821117478433', '2025-05-21 15:50:10', '2025-05-21 18:33:22', '2025-05-21 18:33:22'),
(93, 1, 1, '2025-05-21', 1, '2025-05-22', 60000.00, 'pending', 'disewakan', '', 'maxiyzz', '089765432123', '2025-05-21 15:50:37', '2025-05-21 18:35:27', '2025-05-21 18:35:27'),
(94, 1, 2, '2025-05-21', 1, '2025-05-22', 100000.00, 'pending', 'menunggu konfirmasi', '', 'maxiyzz', '081234567890', '2025-05-21 16:01:36', '2025-05-21 16:01:36', '2025-05-21 16:01:36'),
(95, 1, 2, '2025-05-21', 1, '2025-05-22', 100000.00, 'pending', 'menunggu konfirmasi', '', 'samsul', '085157150404', '2025-05-21 16:03:38', '2025-05-21 16:03:38', '2025-05-21 16:03:38'),
(96, 1, 1, '2025-05-21', 1, '2025-05-22', 60000.00, 'pending', 'menunggu konfirmasi', '', 'maxiyzz', '085157150404', '2025-05-21 16:05:30', '2025-05-21 16:05:30', '2025-05-21 16:05:30'),
(97, 1, 1, '2025-05-21', 1, '2025-05-22', 60000.00, 'pending', 'menunggu konfirmasi', '', 'maxiyzz', '085157150404', '2025-05-21 16:08:58', '2025-05-21 16:08:58', '2025-05-21 16:08:58'),
(98, 1, 1, '2025-05-21', 1, '2025-05-22', 60000.00, 'pending', 'menunggu konfirmasi', '', 'maxiyzz', '089765432123', '2025-05-21 16:20:17', '2025-05-21 16:20:17', '2025-05-21 16:20:17'),
(99, 1, 1, '2025-05-21', 1, '2025-05-22', 60000.00, 'pending', 'menunggu konfirmasi', '', 'fadil', '085157150404', '2025-05-21 16:22:49', '2025-05-21 16:22:49', '2025-05-21 16:22:49'),
(100, 1, 1, '2025-05-21', 1, '2025-05-22', 60000.00, 'pending', 'menunggu konfirmasi', '', 'samsul', '089765432123', '2025-05-21 16:23:17', '2025-05-21 16:23:17', '2025-05-21 16:23:17'),
(101, 1, 1, '2025-05-21', 1, '2025-05-22', 60000.00, 'pending', 'disewakan', '', 'samsul', '089765432123', '2025-05-21 16:23:40', '2025-05-21 16:25:07', '2025-05-21 16:25:07'),
(102, 1, 1, '2025-05-21', 1, '2025-05-22', 60000.00, 'pending', 'menunggu konfirmasi', '', 'samsul', '085157150404', '2025-05-21 16:36:53', '2025-05-21 16:36:53', '2025-05-21 16:36:53'),
(103, 1, 6, '2025-05-21', 1, '2025-05-22', 250000.00, 'pending', 'disewakan', '', 'samsul', '085157150404', '2025-05-21 16:39:47', '2025-05-21 17:49:09', '2025-05-21 17:49:09'),
(104, 5, 3, '2025-05-21', 1, '2025-05-22', 60000.00, 'pending', 'disewakan', '', 'fadil', '081234567890', '2025-05-21 16:44:49', '2025-05-21 19:54:41', '2025-05-21 19:54:41'),
(105, 5, 1, '2025-05-21', 1, '2025-05-22', 60000.00, 'pending', 'disewakan', '', 'samsul', '085157150404', '2025-05-21 16:46:54', '2025-05-21 20:07:06', '2025-05-21 20:07:06'),
(107, 1, 3, '2025-05-21', 1, '2025-05-22', 60000.00, 'pending', 'disewakan', '', 'samsul', '085157150404', '2025-05-21 17:57:18', '2025-05-21 17:58:06', '2025-05-21 17:58:06'),
(108, 1, 1, '2025-05-21', 1, '2025-05-22', 60000.00, 'Sukses', 'disewakan', '', 'samsul', '085157150404', '2025-05-21 18:01:59', '2025-05-21 20:09:22', '2025-05-21 20:09:22'),
(109, 1, 3, '2025-05-21', 2, '2025-05-23', 120000.00, 'pending', 'disewakan', '', 'MAX', '082117936915', '2025-05-21 18:12:47', '2025-05-21 18:13:40', '2025-05-21 18:13:40'),
(110, 1, 5, '2025-05-21', 1, '2025-05-22', 150000.00, 'Sukses', 'disewakan', '', 'samsul', '085157150404', '2025-05-21 18:21:31', '2025-05-21 20:10:12', '2025-05-21 20:10:12'),
(111, 1, 1, '2025-05-21', 1, '2025-05-22', 60000.00, 'pending', 'menunggu konfirmasi', '', 'samsul', '085157150404', '2025-05-21 21:34:43', '2025-05-21 21:34:43', '2025-05-21 21:34:43'),
(112, 1, 2, '2025-05-21', 1, '2025-05-22', 100000.00, 'pending', 'menunggu konfirmasi', '', 'samsul', '085157150404', '2025-05-21 21:34:58', '2025-05-21 21:34:58', '2025-05-21 21:34:58'),
(113, 1, 1, '2025-05-21', 1, '2025-05-22', 60000.00, 'pending', 'menunggu konfirmasi', '', 'samsul', '085157150404', '2025-05-21 21:42:08', '2025-05-21 21:42:08', '2025-05-21 21:42:08');

-- --------------------------------------------------------

--
-- Table structure for table `users`
--

CREATE TABLE `users` (
  `user_id` int(11) NOT NULL,
  `username` varchar(50) NOT NULL,
  `email` varchar(100) NOT NULL,
  `password` varchar(255) NOT NULL,
  `role` varchar(20) NOT NULL,
  `created_at` timestamp NOT NULL DEFAULT current_timestamp(),
  `updated_at` timestamp NOT NULL DEFAULT current_timestamp() ON UPDATE current_timestamp()
) ENGINE=InnoDB DEFAULT CHARSET=utf8mb4 COLLATE=utf8mb4_general_ci;

--
-- Dumping data for table `users`
--

INSERT INTO `users` (`user_id`, `username`, `email`, `password`, `role`, `created_at`, `updated_at`) VALUES
(1, 'Maxiyzz', 'maxiyzztempest@gmail.com', '$2y$10$Nk7wENFzlUorpIcERKdmceMe3Qt2Y/pESODPTT.Giig31WD7zSlp2', '', '2025-05-17 16:15:33', '2025-05-17 16:15:33'),
(3, 'user', 'user@gmail.com', '$2y$10$RuI5btY6iRK7dBfU6OP8OOMDQkPDk.A7lT8q50lK8gZdz8euDbnpu', '', '2025-05-17 19:09:33', '2025-05-17 19:09:33'),
(5, 'dildul', 'fadil@gmail.com', '$2y$10$b//bhHx126CpwZ2SoldtxuIULfTHjP/CTnNSzBwbM8Z.bJZ0LP32G', '', '2025-05-18 13:18:58', '2025-05-18 13:18:58');

--
-- Indexes for dumped tables
--

--
-- Indexes for table `admin`
--
ALTER TABLE `admin`
  ADD PRIMARY KEY (`admin_id`),
  ADD UNIQUE KEY `username` (`username`);

--
-- Indexes for table `playstations`
--
ALTER TABLE `playstations`
  ADD PRIMARY KEY (`ps_id`);

--
-- Indexes for table `rentals`
--
ALTER TABLE `rentals`
  ADD PRIMARY KEY (`rental_id`);

--
-- Indexes for table `users`
--
ALTER TABLE `users`
  ADD PRIMARY KEY (`user_id`),
  ADD UNIQUE KEY `username` (`username`),
  ADD UNIQUE KEY `email` (`email`);

--
-- AUTO_INCREMENT for dumped tables
--

--
-- AUTO_INCREMENT for table `admin`
--
ALTER TABLE `admin`
  MODIFY `admin_id` int(11) NOT NULL AUTO_INCREMENT, AUTO_INCREMENT=3;

--
-- AUTO_INCREMENT for table `playstations`
--
ALTER TABLE `playstations`
  MODIFY `ps_id` int(11) NOT NULL AUTO_INCREMENT, AUTO_INCREMENT=7;

--
-- AUTO_INCREMENT for table `rentals`
--
ALTER TABLE `rentals`
  MODIFY `rental_id` int(11) NOT NULL AUTO_INCREMENT, AUTO_INCREMENT=114;

--
-- AUTO_INCREMENT for table `users`
--
ALTER TABLE `users`
  MODIFY `user_id` int(11) NOT NULL AUTO_INCREMENT, AUTO_INCREMENT=6;
COMMIT;

/*!40101 SET CHARACTER_SET_CLIENT=@OLD_CHARACTER_SET_CLIENT */;
/*!40101 SET CHARACTER_SET_RESULTS=@OLD_CHARACTER_SET_RESULTS */;
/*!40101 SET COLLATION_CONNECTION=@OLD_COLLATION_CONNECTION */;
